platform,title,artist,popularity,engagement,explicit,release_date,chart_position,region
YouTube,Olivia Rodrigo - Drop Dead (Official Music Video),Oliviarodrigovevo,21930938,825172,,2026-04-17 04:00:06+00:00,1,US
YouTube,"Latto, Glorilla - Gomf (Official Music Video)",Latto,642624,46806,,2026-04-24 16:00:03+00:00,2,US
YouTube,I Can'T Love You Anymore,Ella Langley - Topic,474715,18796,,2026-04-24 04:04:42+00:00,3,US
YouTube,"Los Gemelos De Sinaloa, Clave Especial, Fuerza Regida - Ferrari (Official)",Claveespecialvevo,4151781,34877,,2026-04-15 01:42:57+00:00,4,US
YouTube,Arlene Mc X Alofoke Music X Jey One X La Mas Doll - Saca Punta,Alofokemusicsounds,1455278,136132,,2026-04-24 13:04:32+00:00,5,US
YouTube,Mgk - Fix Ur Face (Feat. Fred Durst) (Official Music Video),Mgkvevo,1800958,77229,,2026-04-21 16:00:06+00:00,6,US
YouTube,Hardnard - Butta B (Official Music Video) [Dir By Kharkee],Fattsmaxk Hardnard,965944,15457,,2026-04-17 21:00:06+00:00,7,US
YouTube,"Katseye (캣츠아이) ""Pinky Up"" Official Mv",Hybe Labels,26167306,881148,,2026-04-09 15:59:07+00:00,8,US
YouTube,Allstar Jr - Mob Untied,Allstar Jr,1564771,60520,,2026-04-15 23:24:10+00:00,9,US
YouTube,Hanzel La H ❌ Arcángel ❌ Hades66 ❌ Ñengo Flow ❌ Kendo Kaponi ❌ Luar La L - Loyalty 4 Ever Remix,Hanzel La H,2726924,156210,,2026-04-24 00:00:06+00:00,10,US
YouTube,Laufey - Madwoman (Official Music Video),Laufey,11700818,744099,,2026-04-13 14:00:06+00:00,11,US
YouTube,Youngboy Never Broke Again - Bruce Wayne [Official Video],Youngboy Never Broke Again,2069171,101349,,2026-04-15 21:00:03+00:00,12,US
YouTube,Ozuna Ft Dany Ome Y Kevincito El 13 - Paciente (Video Oficial),Dany Ome & Kevincito El 13,785500,31149,,2026-04-22 20:20:06+00:00,13,US
YouTube,Todos Nos Shipean,Fuerza Regida - Topic,3147225,104203,,2026-04-21 00:04:46+00:00,14,US
YouTube,Teddy Afro  - ዳስ ጣል (አንሳው)  - Das Tal (Ansaw) | Track 1 (Official Lyrics Video),Teddy Afro,18331169,298966,,2026-04-16 12:34:06+00:00,15,US
YouTube,Romeo Santos - Llévame Contigo (Letra),Hey!,1627837,1701,,2026-04-18 18:15:05+00:00,16,US
YouTube,G Herbo - Win Again (Official Video),G Herbo,569344,28728,,2026-04-22 21:00:31+00:00,17,US
YouTube,Yungeen Ace - Dead Man Walking (Official Video),Yungeen Ace,981383,39802,,2026-04-17 19:00:06+00:00,18,US
YouTube,Le Sserafim (르세라핌) 'Celebration' Official Mv,Hybe Labels,3278401,260400,,2026-04-24 03:58:06+00:00,19,US
YouTube,The One That Got Away,Katy Perry - Topic,1918667,15952,,2026-04-22 16:01:53+00:00,20,US
YouTube,Bebeshito ❌ Rey Tony & Helabusador - Sin Pena 😈 (Prod. Dj Honda) [Video By Yoa N Dany] #Repaton,Planet Records Cuba / Miami,2357517,30145,,2026-04-17 18:00:06+00:00,21,US
YouTube,Los Dos De Tamaulipas - Gastando Verdes (Visualizer),Los Dos De Tamaulipas,1242821,13509,,2026-04-17 07:00:36+00:00,22,US
YouTube,Hurricane Wisdom - Enough (Official Music Video),Hurricane Wisdom,818231,17980,,2026-04-17 17:00:06+00:00,23,US
YouTube,Justin Bieber - Yukon (Live From The 68Th Grammy Awards / 2026),Justinbiebervevo,3263778,93907,,2026-04-16 22:39:31+00:00,24,US
YouTube,Awolnation - Sail (Lyrics),Dead Radio Club,850924,3437,,2026-04-16 12:26:01+00:00,25,US
YouTube,Doors,Noah Kahan - Topic,263512,5544,,2026-04-23 10:03:23+00:00,26,US
YouTube,Sabrina Carpenter - House Tour (Official Video),Sabrinacarpentervevo,20252404,798267,,2026-04-06 15:00:06+00:00,27,US
YouTube,🎵 Calle 24 X Chino Pacas X Fuerza Regida - Que Onda (Letra),Audio Music,1124035,1996,,2026-04-22 14:01:17+00:00,28,US
YouTube,Rob49 - Do It (Official Video),Rob49,280675,11793,,2026-04-20 23:21:16+00:00,29,US
YouTube,Teddy Afro  - ስምምነን (ጉሬጌ) - Sememene (Gureggae) | Track 5 (Official Lyrics Video),Teddy Afro,8246407,111294,,2026-04-16 12:16:21+00:00,30,US
Spotify,Cruel Summer,Taylor Swift,95,178426,False,,1,US
Spotify,Blinding Lights,The Weeknd,93,200040,False,,2,US
Spotify,Humble.,Kendrick Lamar,89,177000,True,,3,US
Spotify,Shape Of You,Ed Sheeran,88,233712,False,,4,US
Spotify,Bad Guy,Billie Eilish,90,194088,False,,5,US
Spotify,God Did,Drake,87,558000,True,,6,US
Spotify,As It Was,Harry Styles,92,167303,False,,7,US
Spotify,Levitating,Dua Lipa,86,203064,False,,8,US
Spotify,Stay,The Kid Laroi,84,141005,True,,9,US
Spotify,Watermelon Sugar,Harry Styles,85,174000,False,,10,US
Spotify,Anti-Hero,Taylor Swift,94,200690,False,,11,US
Spotify,Flowers,Miley Cyrus,91,200455,False,,12,US
Spotify,Unholy,Sam Smith,88,156943,True,,13,US
Spotify,Calm Down,Rema,87,239013,False,,14,US
Spotify,Midnight Rain,Taylor Swift,86,174249,False,,15,US
Last.fm,Drop Dead,Olivia Rodrigo,112701,0,,,1,united states
Last.fm,Stateside + Zara Larsson,Pinkpantheress,106820,0,,,2,united states
Last.fm,Earrings,Malcolm Todd,84847,0,,,3,united states
Last.fm,Beauty And A Beat,Justin Bieber,80865,0,,,4,united states
Last.fm,Babydoll,Dominic Fike,66058,0,,,5,united states
Last.fm,In My Room,Julia Wolf,56372,0,,,6,united states
Last.fm,Mr. Brightside,The Killers,54042,0,,,7,united states
Last.fm,505,Arctic Monkeys,53604,0,,,8,united states
Last.fm,E85,Don Toliver,53587,0,,,9,united states
Last.fm,Sweet Boy,Malcolm Todd,53174,0,,,10,united states
Last.fm,Roommates,Malcolm Todd,51160,0,,,11,united states
Last.fm,Confident,Justin Bieber,50086,0,,,12,united states
Last.fm,House Tour,Sabrina Carpenter,49520,0,,,13,united states
Last.fm,Fame Is A Gun,Addison Rae,49061,0,,,14,united states
Last.fm,Creep,Radiohead,48027,0,,,15,united states
Last.fm,Dreams - 2004 Remaster,Fleetwood Mac,47953,0,,,16,united states
Last.fm,The Less I Know The Better,Tame Impala,47541,0,,,17,united states
Last.fm,"Lover, You Should'Ve Come Over",Jeff Buckley,44983,0,,,18,united states
Last.fm,Manchild,Sabrina Carpenter,44467,0,,,19,united states
Last.fm,Go Away,Weezer,44163,0,,,20,united states
Last.fm,Everlong,Foo Fighters,43943,0,,,21,united states
Last.fm,Les,Childish Gambino,42900,0,,,22,united states
Last.fm,Dracula,Tame Impala,42398,0,,,23,united states
Last.fm,My Own Worst Enemy,Lit,42219,0,,,24,united states
Last.fm,No One Noticed,The Marías,41759,0,,,25,united states
Last.fm,Flashing Lights,Kanye West,41051,0,,,26,united states
Last.fm,The Adults Are Talking,The Strokes,41047,0,,,27,united states
Last.fm,Sienna,The Marías,40883,0,,,28,united states
Last.fm,Sweater Weather,The Neighbourhood,40871,0,,,29,united states
Last.fm,Dracula - Jennie Remix,Tame Impala,40673,0,,,30,united states
Last.fm,The Great Divide,Noah Kahan,40558,0,,,31,united states
Last.fm,Daisies,Justin Bieber,40549,0,,,32,united states
Last.fm,Doors,Noah Kahan,40442,0,,,33,united states
Last.fm,Dtmf,Bad Bunny,40159,0,,,34,united states
Last.fm,Lovers Rock,Tv Girl,39940,0,,,35,united states
Last.fm,See You Again (Feat. Kali Uchis),"Tyler, The Creator",39313,0,,,36,united states
Last.fm,Let Down,Radiohead,38975,0,,,37,united states
Last.fm,Pink + White,Frank Ocean,38793,0,,,38,united states
Last.fm,Nights,Frank Ocean,38772,0,,,39,united states
Last.fm,Be Like A Woman,Chris Rainbow,38763,0,,,40,united states
Last.fm,End Of August,Noah Kahan,38633,0,,,41,united states
Last.fm,End Of Beginning,Djo,38585,0,,,42,united states
Last.fm,Pinky Up,Katseye,38438,0,,,43,united states
Last.fm,Still Into You,Paramore,37985,0,,,44,united states
Last.fm,No Pole,Don Toliver,37903,0,,,45,united states
Last.fm,Iris,The Goo Goo Dolls,37813,0,,,46,united states
Last.fm,All I Wanted,Paramore,37775,0,,,47,united states
Last.fm,Midnight Sun,Zara Larsson,37651,0,,,48,united states
Last.fm,"Good Luck, Babe!",Chappell Roan,37631,0,,,49,united states
Last.fm,Back To Friends,Sombr,37415,0,,,50,united states
